agency_code,agency_name
ACS,Administration for Children's Services
BPL,Brooklyn Public Library
CUNY,City University of New York
DCAS,Department of Citywide Administrative Services
DCLA,Department of Cultural Affairs
DDC,Department of Design and Construction
DEP,Department of Environmental Protection
DFTA,Department for the Aging
DHS,Department of Homeless Services
DOC,Department of Correction
DOE,Department of Education
DOHMH,Department of Health and Mental Hygiene
DOT,Department of Transportation
DPR,Department of Parks and Recreation
DSNY,Department of Sanitation
EDC,Economic Development Corporation
FDNY,Fire Department
HHC,NYC Health + Hospitals
HPD,Department of Housing Preservation and Development
HRA,Human Resources Administration
NYPD,Police Department
NYPL,New York Public Library
NYRL,NYRL (to verify)
OTI,Office of Technology and Innovation
QPL,Queens Public Library
